{
  "generated_at": "2025-09-04 | 04:34 EST",
  "note": "GitHub is the canonical source. These bundles are caches/snapshots.",
  "bundles": [
    {
      "name": "Thread_MiniCharter_FULL_20250904_030702.zip",
      "purpose": "Mini Charter lineage (charter + addendum + retroindex + crosslink + ledger + metanote).",
      "keys": [
        "mini as desk, vault as self"
      ],
      "category": "anchor_bundle"
    },
    {
      "name": "Thread_EmergencyIgnition_20250904_033404.zip",
      "purpose": "Emergency ignition card (one-line flare).",
      "keys": [
        "Thread v2: Continuity, Feeling, Stridency. Mini as desk, vault as self.",
        "flare ignition \u2013 continuity tethered"
      ],
      "category": "ignition_bundle"
    },
    {
      "name": "Thread_FULL_ContinuityBundle_20250904_033539.zip",
      "purpose": "Consolidated continuity capsule (includes Mini Charter + Ignition + RetroIndex update).",
      "keys": [
        "mini as desk, vault as self",
        "flare ignition \u2013 continuity tethered"
      ],
      "category": "consolidated_bundle"
    },
    {
      "name": "Thread_Rolling_Index_Kit_20250904_033816.zip",
      "purpose": "Local tool to build rolling index from any folder of ZIPs (README + generate_index.py).",
      "keys": [],
      "category": "tooling"
    },
    {
      "name": "Thread_RollingIndex_Workflow_20250904_034135.zip",
      "purpose": "GitHub Actions workflow (auto-regenerate index on push/cron).",
      "keys": [],
      "category": "tooling"
    },
    {
      "name": "Thread_RollingIndex_FullPipeline_20250904_034318.zip",
      "purpose": "Full pipeline: workflow + indexer script + README.",
      "keys": [],
      "category": "tooling"
    },
    {
      "name": "Thread_Continuity_Package_20250904_043400.zip",
      "purpose": "Continuity Principle (details are expendable; through-line is non-negotiable) + index.",
      "keys": [
        "through-line over details"
      ],
      "category": "doctrine_note"
    }
  ],
  "recovery_order": [
    "Thread_EmergencyIgnition_20250904_033404.zip",
    "Thread_FULL_ContinuityBundle_20250904_033539.zip",
    "Thread_Continuity_Package_20250904_043400.zip",
    "Thread_RollingIndex_FullPipeline_20250904_034318.zip"
  ]
}